task_name,playerCount,score,High,Low,Medium,Q1concept_behav,Q3type_1_planning,Q4type_2_generate,Q6type_5_cc,Q7type_7_battle,Q8type_8_performance,Q9divisible_unitary,Q10maximizing,Q11optimizing,Q13outcome_multip,Q14sol_scheme_mul,Q15dec_verifiability,Q16shared_knowledge,Q17within_sys_sol,Q18ans_recog,Q19time_solvability,Q20type_3_type_4,Q22confl_tradeoffs,Q23ss_out_uncert,Q24eureka_question,Q2intel_manip_1,Q21intellective_judg_1,Q5creativity_input_1,Q25_type6_mixed_motive,strong_synergy,weak_synergy,complexity,gini_coefficient_sum_num_messages,sum_num_words,average_positive_bert,Q1concept_behav_standardized,Q3type_1_planning_standardized,Q4type_2_generate_standardized,Q6type_5_cc_standardized,Q7type_7_battle_standardized,Q8type_8_performance_standardized,Q9divisible_unitary_standardized,Q10maximizing_standardized,Q11optimizing_standardized,Q13outcome_multip_standardized,Q14sol_scheme_mul_standardized,Q15dec_verifiability_standardized,Q16shared_knowledge_standardized,Q17within_sys_sol_standardized,Q18ans_recog_standardized,Q19time_solvability_standardized,Q20type_3_type_4_standardized,Q22confl_tradeoffs_standardized,Q23ss_out_uncert_standardized,Q24eureka_question_standardized,Q2intel_manip_1_standardized,Q21intellective_judg_1_standardized,Q5creativity_input_1_standardized,High_standardized,Low_standardized,Medium_standardized,playerCount_standardized,strong_synergy_standardized,weak_synergy_standardized,gini_coefficient_sum_num_messages_standardized,sum_num_words_standardized,average_positive_bert_standardized,strong,weak
Allocating resources to programs,3,69.03225806451613,1,0,0,0.0,0.44,0.36,1.0,0.04,0.0,0.24,0.16,0.16,0.0,0.04,0.04,0.04,0.6956521739130435,0.0869565217391304,0.1666666666666666,0.08,0.96,0.36,0.0,0.036,0.196,0.48,0,0.7905664001891449,1.1873453399469578,High,0.07508012820512819,39.5625,0.3155624740484575,-0.35908192391184107,0.9721564340352488,0.08568761276667232,2.0880637076313615,-1.442413555832194,-0.6841900669090212,-0.10032808933979445,-0.9239571456812172,-0.6883084916631392,-1.1529249951579559,-1.2432544794496172,-1.3648298154065874,-1.357398171775206,-1.4685521826004027,-1.343684100870333,-1.3605452258912472,-1.2862321198578595,1.572983346694728,-0.6053458423606829,-0.5431441681093913,-0.39891350572702206,-1.2144770577992692,0.10805956171059655,1.4142135623730951,-0.7071067811865475,-0.7071067811865475,-1.0,-0.381411037691549,-0.30665695515874775,-0.8093255285626256,-0.09523630872492851,0.6790566658001935,0.7802684209684304,1.2196512025532886
Allocating resources to programs,6,63.07692307692308,1,0,0,0.0,0.44,0.36,1.0,0.04,0.0,0.24,0.16,0.16,0.0,0.04,0.04,0.04,0.6956521739130435,0.0869565217391304,0.1666666666666666,0.08,0.96,0.36,0.0,0.036,0.196,0.48,0,0.6564358734199509,1.1354981652011356,High,0.21724693543262355,67.22727272727273,0.252076160196601,-0.35908192391184107,0.9721564340352488,0.08568761276667232,2.0880637076313615,-1.442413555832194,-0.6841900669090212,-0.10032808933979445,-0.9239571456812172,-0.6883084916631392,-1.1529249951579559,-1.2432544794496172,-1.3648298154065874,-1.357398171775206,-1.4685521826004027,-1.343684100870333,-1.3605452258912472,-1.2862321198578595,1.572983346694728,-0.6053458423606829,-0.5431441681093913,-0.39891350572702206,-1.2144770577992692,0.10805956171059655,1.4142135623730951,-0.7071067811865475,-0.7071067811865475,1.0,-0.9415572319725258,-0.3964915591780501,1.2421642770085959,0.7966801171230894,-0.12275063056168821,0.654488171739116,1.114433269910302
Allocating resources to programs,3,61.29032258064516,0,1,0,0.0,0.44,0.36,1.0,0.04,0.0,0.24,0.16,0.16,0.0,0.04,0.04,0.04,0.6956521739130435,0.0869565217391304,0.1666666666666666,0.08,0.96,0.36,0.0,0.036,0.196,0.48,0,0.7140065538285782,1.206739960241094,Low,0.11676114890400602,39.0,0.34519241841306686,-0.35908192391184107,0.9721564340352488,0.08568761276667232,2.0880637076313615,-1.442413555832194,-0.6841900669090212,-0.10032808933979445,-0.9239571456812172,-0.6883084916631392,-1.1529249951579559,-1.2432544794496172,-1.3648298154065874,-1.357398171775206,-1.4685521826004027,-1.343684100870333,-1.3605452258912472,-1.2862321198578595,1.572983346694728,-0.6053458423606829,-0.5431441681093913,-0.39891350572702206,-1.2144770577992692,0.10805956171059655,-0.7071067811865475,1.4142135623730951,-0.7071067811865475,-1.0,-0.7011347248086648,-0.27305226902551066,-0.207861721946214,-0.11337139316915808,1.053271266411246,0.7033048054849463,1.2282629775680391
Allocating resources to programs,6,58.07692307692308,0,1,0,0.0,0.44,0.36,1.0,0.04,0.0,0.24,0.16,0.16,0.0,0.04,0.04,0.04,0.6956521739130435,0.0869565217391304,0.1666666666666666,0.08,0.96,0.36,0.0,0.036,0.196,0.48,0,0.5994727815537064,1.2015500791749887,Low,0.19322165295630764,51.17391304347826,0.26036199271385085,-0.35908192391184107,0.9721564340352488,0.08568761276667232,2.0880637076313615,-1.442413555832194,-0.6841900669090212,-0.10032808933979445,-0.9239571456812172,-0.6883084916631392,-1.1529249951579559,-1.2432544794496172,-1.3648298154065874,-1.357398171775206,-1.4685521826004027,-1.343684100870333,-1.3605452258912472,-1.2862321198578595,1.572983346694728,-0.6053458423606829,-0.5431441681093913,-0.39891350572702206,-1.2144770577992692,0.10805956171059655,-0.7071067811865475,1.4142135623730951,-0.7071067811865475,1.0,-1.1794423718576454,-0.28204467628331237,0.8954756016607636,0.27911739093783916,-0.01810380881887587,0.5924926296019453,1.1638661939263142
Allocating resources to programs,3,63.70967741935484,0,0,1,0.0,0.44,0.36,1.0,0.04,0.0,0.24,0.16,0.16,0.0,0.04,0.04,0.04,0.6956521739130435,0.0869565217391304,0.1666666666666666,0.08,0.96,0.36,0.0,0.036,0.196,0.48,0,0.7969686942626325,1.403296859457155,Medium,0.0834033613445378,41.05882352941177,0.2243548283627101,-0.35908192391184107,0.9721564340352488,0.08568761276667232,2.0880637076313615,-1.442413555832194,-0.6841900669090212,-0.10032808933979445,-0.9239571456812172,-0.6883084916631392,-1.1529249951579559,-1.2432544794496172,-1.3648298154065874,-1.357398171775206,-1.4685521826004027,-1.343684100870333,-1.3605452258912472,-1.2862321198578595,1.572983346694728,-0.6053458423606829,-0.5431441681093913,-0.39891350572702206,-1.2144770577992692,0.10805956171059655,-0.7071067811865475,-0.7071067811865475,1.4142135623730951,-1.0,-0.3546742407347851,0.0675180956067417,-0.6892199408527749,-0.04699461350400401,-0.47286020191196537,0.7786720694291456,1.422091013824885
Allocating resources to programs,6,49.23076923076923,0,0,1,0.0,0.44,0.36,1.0,0.04,0.0,0.24,0.16,0.16,0.0,0.04,0.04,0.04,0.6956521739130435,0.0869565217391304,0.1666666666666666,0.08,0.96,0.36,0.0,0.036,0.196,0.48,0,0.5216781734742951,1.0765530118252622,Medium,0.18057347567417895,55.083333333333336,0.1970885947271902,-0.35908192391184107,0.9721564340352488,0.08568761276667232,2.0880637076313615,-1.442413555832194,-0.6841900669090212,-0.10032808933979445,-0.9239571456812172,-0.6883084916631392,-1.1529249951579559,-1.2432544794496172,-1.3648298154065874,-1.357398171775206,-1.4685521826004027,-1.343684100870333,-1.3605452258912472,-1.2862321198578595,1.572983346694728,-0.6053458423606829,-0.5431441681093913,-0.39891350572702206,-1.2144770577992692,0.10805956171059655,-0.7071067811865475,-0.7071067811865475,1.4142135623730951,1.0,-1.5043225814630745,-0.49862469446147883,0.7129603770498375,0.4051576879769614,-0.817222061135397,0.5177999359079735,1.0989010989010992
Divergent Association Task,3,92.7059705580415,1,0,0,0.0,0.125,0.7916666666666666,0.0416666666666666,0.2083333333333333,0.0869565217391304,0.2272727272727272,0.5833333333333334,0.3333333333333333,0.2083333333333333,0.2083333333333333,0.6666666666666666,0.4583333333333333,0.7391304347826086,0.5217391304347826,0.5652173913043478,0.375,0.2083333333333333,1.0,0.0,0.0375,0.4666666666666667,0.7583333333333333,0,1.002775337851979,1.1924116653863719,High,0.033333333333333326,11.777777777777779,0.254879611,-0.35908192391184107,-0.4802983851530555,1.513313395060524,-0.63939146843909,0.39809588854453987,-0.41466714337621374,-0.15993626592029875,0.420722288456407,-0.19334089365073157,-0.5893991592169306,-0.5136429086477408,0.15357583574983305,-0.33117676864000417,-1.0832334236912111,-0.12219277121449575,-0.23546034731535606,-0.5403293565996082,-0.5504282764566788,1.6384719973622186,-0.5431441681093913,-0.3891023388847842,-0.47208857820915623,1.1722123011789496,1.4142135623730951,-0.7071067811865475,-0.7071067811865475,-1.0,0.5048005629591256,-0.29787863036257634,-1.41173846703225,-0.9910199242973049,-0.08734414414318016,0.9978512295674176,1.18885032149745
Divergent Association Task,6,95.32026038992885,1,0,0,0.0,0.125,0.7916666666666666,0.0416666666666666,0.2083333333333333,0.0869565217391304,0.2272727272727272,0.5833333333333334,0.3333333333333333,0.2083333333333333,0.2083333333333333,0.6666666666666666,0.4583333333333333,0.7391304347826086,0.5217391304347826,0.5652173913043478,0.375,0.2083333333333333,1.0,0.0,0.0375,0.4666666666666667,0.7583333333333333,0,1.0089568898857053,1.1992654438145718,High,0.10733811171527433,26.235294117647058,0.2104703770601994,-0.35908192391184107,-0.4802983851530555,1.513313395060524,-0.63939146843909,0.39809588854453987,-0.41466714337621374,-0.15993626592029875,0.420722288456407,-0.19334089365073157,-0.5893991592169306,-0.5136429086477408,0.15357583574983305,-0.33117676864000417,-1.0832334236912111,-0.12219277121449575,-0.23546034731535606,-0.5403293565996082,-0.5504282764566788,1.6384719973622186,-0.5431441681093913,-0.3891023388847842,-0.47208857820915623,1.1722123011789496,1.4142135623730951,-0.7071067811865475,-0.7071067811865475,1.0,0.5306155129920875,-0.2860032200986258,-0.34383765829306934,-0.5249074270931127,-0.6482153876975514,1.0070171863428818,1.2223756628365052
Divergent Association Task,3,88.11318048305087,0,1,0,0.0,0.125,0.7916666666666666,0.0416666666666666,0.2083333333333333,0.0869565217391304,0.2272727272727272,0.5833333333333334,0.3333333333333333,0.2083333333333333,0.2083333333333333,0.6666666666666666,0.4583333333333333,0.7391304347826086,0.5217391304347826,0.5652173913043478,0.375,0.2083333333333333,1.0,0.0,0.0375,0.4666666666666667,0.7583333333333333,0,0.9751691940064882,1.1827655774121668,Low,0.031818181818181815,19.363636363636363,0.3499988909772727,-0.35908192391184107,-0.4802983851530555,1.513313395060524,-0.63939146843909,0.39809588854453987,-0.41466714337621374,-0.15993626592029875,0.420722288456407,-0.19334089365073157,-0.5893991592169306,-0.5136429086477408,0.15357583574983305,-0.33117676864000417,-1.0832334236912111,-0.12219277121449575,-0.23546034731535606,-0.5403293565996082,-0.5504282764566788,1.6384719973622186,-0.5431441681093913,-0.3891023388847842,-0.47208857820915623,1.1722123011789496,-0.7071067811865475,1.4142135623730951,-0.7071067811865475,-1.0,0.38951378383215024,-0.3145922217539355,-1.433602346146136,-0.7464507046768083,1.1139751337161952,0.9731808577238172,1.188184576673135
Divergent Association Task,6,83.69637217698072,0,1,0,0.0,0.125,0.7916666666666666,0.0416666666666666,0.2083333333333333,0.0869565217391304,0.2272727272727272,0.5833333333333334,0.3333333333333333,0.2083333333333333,0.2083333333333333,0.6666666666666666,0.4583333333333333,0.7391304347826086,0.5217391304347826,0.5652173913043478,0.375,0.2083333333333333,1.0,0.0,0.0375,0.4666666666666667,0.7583333333333333,0,0.897603538779023,1.1311808866111572,Low,0.1609179894179894,26.7,0.27466977402946424,-0.35908192391184107,-0.4802983851530555,1.513313395060524,-0.63939146843909,0.39809588854453987,-0.41466714337621374,-0.15993626592029875,0.420722288456407,-0.19334089365073157,-0.5893991592169306,-0.5136429086477408,0.15357583574983305,-0.33117676864000417,-1.0832334236912111,-0.12219277121449575,-0.23546034731535606,-0.5403293565996082,-0.5504282764566788,1.6384719973622186,-0.5431441681093913,-0.3891023388847842,-0.47208857820915623,1.1722123011789496,-0.7071067811865475,1.4142135623730951,-0.7071067811865475,1.0,0.06558971054987209,-0.40397202488275025,0.42932856126605073,-0.5099252396829779,0.1625978693472057,0.8950296954628942,1.128625002513809
Divergent Association Task,3,92.96042704326821,0,0,1,0.0,0.125,0.7916666666666666,0.0416666666666666,0.2083333333333333,0.0869565217391304,0.2272727272727272,0.5833333333333334,0.3333333333333333,0.2083333333333333,0.2083333333333333,0.6666666666666666,0.4583333333333333,0.7391304347826086,0.5217391304347826,0.5652173913043478,0.375,0.2083333333333333,1.0,0.0,0.0375,0.4666666666666667,0.7583333333333333,0,0.9981572964864486,1.1639435217758956,Medium,0.07010582010582009,18.25,0.21995427299378303,-0.35908192391184107,-0.4802983851530555,1.513313395060524,-0.63939146843909,0.39809588854453987,-0.41466714337621374,-0.15993626592029875,0.420722288456407,-0.19334089365073157,-0.5893991592169306,-0.5136429086477408,0.15357583574983305,-0.33117676864000417,-1.0832334236912111,-0.12219277121449575,-0.23546034731535606,-0.5403293565996082,-0.5504282764566788,1.6384719973622186,-0.5431441681093913,-0.3891023388847842,-0.47208857820915623,1.1722123011789496,-0.7071067811865475,-0.7071067811865475,1.4142135623730951,-1.0,0.485515032973955,-0.34720483609990727,-0.8811055913952338,-0.7823545082229598,-0.52843749391042,0.961893239203052,1.122173908629691
Divergent Association Task,6,94.50115964927414,0,0,1,0.0,0.125,0.7916666666666666,0.0416666666666666,0.2083333333333333,0.0869565217391304,0.2272727272727272,0.5833333333333334,0.3333333333333333,0.2083333333333333,0.2083333333333333,0.6666666666666666,0.4583333333333333,0.7391304347826086,0.5217391304347826,0.5652173913043478,0.375,0.2083333333333333,1.0,0.0,0.0375,0.4666666666666667,0.7583333333333333,0,0.9930890127948097,1.1669787567225969,Medium,0.19034992379290622,37.77777777777778,0.2762092095199914,-0.35908192391184107,-0.4802983851530555,1.513313395060524,-0.63939146843909,0.39809588854453987,-0.41466714337621374,-0.15993626592029875,0.420722288456407,-0.19334089365073157,-0.5893991592169306,-0.5136429086477408,0.15357583574983305,-0.33117676864000417,-1.0832334236912111,-0.12219277121449575,-0.23546034731535606,-0.5403293565996082,-0.5504282764566788,1.6384719973622186,-0.5431441681093913,-0.3891023388847842,-0.47208857820915623,1.1722123011789496,-0.7071067811865475,-0.7071067811865475,1.4142135623730951,1.0,0.4643492335859225,-0.34194574279580325,0.8540360897383196,-0.15277602109736058,0.18204033708069828,0.99021097277055,1.184648777979572
Guessing the correlation,3,76.3030303030303,1,0,0,0.0,0.0384615384615384,0.0,0.0769230769230769,0.1923076923076923,0.0,0.12,0.4615384615384615,0.8461538461538461,0.9230769230769232,0.6538461538461539,0.9615384615384616,0.9615384615384616,0.9615384615384616,0.7307692307692307,1.0,1.0,0.0384615384615384,0.6538461538461539,0.1153846153846153,0.0115384615384615,0.9730769230769232,0.1461538461538461,0,0.926772461534158,1.2665033993896841,High,0.12030075187969924,20.736842105263158,0.1874964120076441,-0.35908192391184107,-0.8793244343806119,-1.104919217254455,-0.5390503081154278,0.2228760252184992,-0.6841900669090212,-0.6623480399559756,0.0338520696705973,1.2710602839007707,1.3439279394730497,1.4173549653328539,0.8680465799519134,0.903245237889468,0.8878202276519631,0.4650626757354259,0.9919049747674344,1.0399731079305852,-1.030305540771128,0.4248685984736301,-0.09236703218147761,-0.5589109957696711,0.9169008564161499,-1.1683355251505696,1.4142135623730951,-0.7071067811865475,-0.7071067811865475,-1.0,0.18740285380755783,-0.169501305697892,-0.15678468390888634,-0.7021783454168923,-0.9383675746474168,0.9204221757960358,1.2712757565239343
Guessing the correlation,6,82.22222222222223,1,0,0,0.0,0.0384615384615384,0.0,0.0769230769230769,0.1923076923076923,0.0,0.12,0.4615384615384615,0.8461538461538461,0.9230769230769232,0.6538461538461539,0.9615384615384616,0.9615384615384616,0.9615384615384616,0.7307692307692307,1.0,1.0,0.0384615384615384,0.6538461538461539,0.1153846153846153,0.0115384615384615,0.9730769230769232,0.1461538461538461,0,0.9045149966141804,1.3693433628482343,High,0.22588209335145606,49.208333333333336,0.19111787458182003,-0.35908192391184107,-0.8793244343806119,-1.104919217254455,-0.5390503081154278,0.2228760252184992,-0.6841900669090212,-0.6623480399559756,0.0338520696705973,1.2710602839007707,1.3439279394730497,1.4173549653328539,0.8680465799519134,0.903245237889468,0.8878202276519631,0.4650626757354259,0.9919049747674344,1.0399731079305852,-1.030305540771128,0.4248685984736301,-0.09236703218147761,-0.5589109957696711,0.9169008564161499,-1.1683355251505696,1.4142135623730951,-0.7071067811865475,-0.7071067811865475,1.0,0.09445284034253047,0.008687524068628992,1.366770989260599,0.21574680600389706,-0.8926299197214832,0.895989010372547,1.3698947124840912
Guessing the correlation,3,83.91176470588235,0,1,0,0.0,0.0384615384615384,0.0,0.0769230769230769,0.1923076923076923,0.0,0.12,0.4615384615384615,0.8461538461538461,0.9230769230769232,0.6538461538461539,0.9615384615384616,0.9615384615384616,0.9615384615384616,0.7307692307692307,1.0,1.0,0.0384615384615384,0.6538461538461539,0.1153846153846153,0.0115384615384615,0.9730769230769232,0.1461538461538461,0,0.9561068855781681,1.3134198081937507,Low,0.08939594356261021,16.77777777777778,0.30769688501868386,-0.35908192391184107,-0.8793244343806119,-1.104919217254455,-0.5390503081154278,0.2228760252184992,-0.6841900669090212,-0.6623480399559756,0.0338520696705973,1.2710602839007707,1.3439279394730497,1.4173549653328539,0.8680465799519134,0.903245237889468,0.8878202276519631,0.4650626757354259,0.9919049747674344,1.0399731079305852,-1.030305540771128,0.4248685984736301,-0.09236703218147761,-0.5589109957696711,0.9169008564161499,-1.1683355251505696,-0.7071067811865475,1.4142135623730951,-0.7071067811865475,-1.0,0.3099071515648563,-0.08821014513642578,-0.6027460193434417,-0.829819173681931,0.5797173548272341,0.9660110385515348,1.356149732620321
Guessing the correlation,6,90.28571428571429,0,1,0,0.0,0.0384615384615384,0.0,0.0769230769230769,0.1923076923076923,0.0,0.12,0.4615384615384615,0.8461538461538461,0.9230769230769232,0.6538461538461539,0.9615384615384616,0.9615384615384616,0.9615384615384616,0.7307692307692307,1.0,1.0,0.0384615384615384,0.6538461538461539,0.1153846153846153,0.0115384615384615,0.9730769230769232,0.1461538461538461,0,0.9491769794545236,1.4137627115610893,Low,0.19386450196976512,42.24,0.28242291478707915,-0.35908192391184107,-0.8793244343806119,-1.104919217254455,-0.5390503081154278,0.2228760252184992,-0.6841900669090212,-0.6623480399559756,0.0338520696705973,1.2710602839007707,1.3439279394730497,1.4173549653328539,0.8680465799519134,0.903245237889468,0.8878202276519631,0.4650626757354259,0.9919049747674344,1.0399731079305852,-1.030305540771128,0.4248685984736301,-0.09236703218147761,-0.5589109957696711,0.9169008564161499,-1.1683355251505696,-0.7071067811865475,1.4142135623730951,-0.7071067811865475,1.0,0.28096697936555165,0.08565207656309604,0.9047520159191157,-0.008913306770395722,0.26051700265336053,0.9487330049452016,1.459163059163059
Guessing the correlation,3,55.81818181818182,0,0,1,0.0,0.0384615384615384,0.0,0.0769230769230769,0.1923076923076923,0.0,0.12,0.4615384615384615,0.8461538461538461,0.9230769230769232,0.6538461538461539,0.9615384615384616,0.9615384615384616,0.9615384615384616,0.7307692307692307,1.0,1.0,0.0384615384615384,0.6538461538461539,0.1153846153846153,0.0115384615384615,0.9730769230769232,0.1461538461538461,0,0.7369320582248339,1.02420561511554,Medium,0.09467212167440998,26.63157894736842,0.19686297770332759,-0.35908192391184107,-0.8793244343806119,-1.104919217254455,-0.5390503081154278,0.2228760252184992,-0.6841900669090212,-0.6623480399559756,0.0338520696705973,1.2710602839007707,1.3439279394730497,1.4173549653328539,0.8680465799519134,0.903245237889468,0.8878202276519631,0.4650626757354259,0.9919049747674344,1.0399731079305852,-1.030305540771128,0.4248685984736301,-0.09236703218147761,-0.5589109957696711,0.9169008564161499,-1.1683355251505696,-0.7071067811865475,-0.7071067811865475,1.4142135623730951,-1.0,-0.6053948932516642,-0.5893260234714679,-0.5266099238664248,-0.5121311446913988,-0.8200715158436768,0.7388672391240051,1.0316799103861098
Guessing the correlation,6,56.17857142857143,0,0,1,0.0,0.0384615384615384,0.0,0.0769230769230769,0.1923076923076923,0.0,0.12,0.4615384615384615,0.8461538461538461,0.9230769230769232,0.6538461538461539,0.9615384615384616,0.9615384615384616,0.9615384615384616,0.7307692307692307,1.0,1.0,0.0384615384615384,0.6538461538461539,0.1153846153846153,0.0115384615384615,0.9730769230769232,0.1461538461538461,0,0.6672594090788003,1.0317649805978335,Medium,0.212869730553618,56.96,0.275527090293186,-0.35908192391184107,-0.8793244343806119,-1.104919217254455,-0.5390503081154278,0.2228760252184992,-0.6841900669090212,-0.6623480399559756,0.0338520696705973,1.2710602839007707,1.3439279394730497,1.4173549653328539,0.8680465799519134,0.903245237889468,0.8878202276519631,0.4650626757354259,0.9919049747674344,1.0399731079305852,-1.030305540771128,0.4248685984736301,-0.09236703218147761,-0.5589109957696711,0.9169008564161499,-1.1683355251505696,-0.7071067811865475,-0.7071067811865475,1.4142135623730951,1.0,-0.8963567660234023,-0.5762280560688423,1.1790005093099443,0.46566170304126503,0.1734254382173381,0.6643665267262501,1.0383409428461414
Moral Reasoning (Disciplinary Action Case),3,58.54838709677419,1,0,0,0.0,0.12,0.24,0.88,0.0,0.16,0.1666666666666666,0.0,0.08,0.04,0.08,0.0,0.0,0.84,0.08,0.125,0.04,1.0,0.5714285714285714,0.0,0.012,0.108,0.404,0,0.6660037208141758,0.9562042641968674,High,0.1798259988703202,53.31578947368421,0.25860838457022617,-0.35908192391184107,-0.5033532235528699,-0.31118133057370345,1.7465388855842794,-1.8797623346939922,-0.1882678876086553,-0.4437847258274609,-1.4321824436229966,-0.9167550753611736,-1.0447280346572791,-1.0698814329224384,-1.4617493250548699,-1.4555229274534724,-0.1892939030218859,-1.3632279621448262,-1.4781677359241812,-1.3873714775877917,1.685980861008772,0.13591540826206128,-0.5431441681093913,-0.5558921752028284,-1.4558447408187147,-0.1825114857130973,1.4142135623730951,-0.7071067811865475,-0.7071067811865475,-1.0,-0.901600680437032,-0.707150658323897,0.7021741670130364,0.34817180859275465,-0.040251193337039554,0.6660455460015678,0.9670469682052472
Moral Reasoning (Disciplinary Action Case),6,64.44444444444444,1,0,0,0.0,0.12,0.24,0.88,0.0,0.16,0.1666666666666666,0.0,0.08,0.04,0.08,0.0,0.0,0.84,0.08,0.125,0.04,1.0,0.5714285714285714,0.0,0.012,0.108,0.404,0,0.671961257957817,1.0659903141914555,High,0.23461431853865436,126.41666666666667,0.20340954309001313,-0.35908192391184107,-0.5033532235528699,-0.31118133057370345,1.7465388855842794,-1.8797623346939922,-0.1882678876086553,-0.4437847258274609,-1.4321824436229966,-0.9167550753611736,-1.0447280346572791,-1.0698814329224384,-1.4617493250548699,-1.4555229274534724,-0.1892939030218859,-1.3632279621448262,-1.4781677359241812,-1.3873714775877917,1.685980861008772,0.13591540826206128,-0.5431441681093913,-0.5558921752028284,-1.4558447408187147,-0.1825114857130973,1.4142135623730951,-0.7071067811865475,-0.7071067811865475,1.0,-0.8767212451684259,-0.516926477807641,1.4927783977467686,2.7049550634229624,-0.7373909572369319,0.6767138162962415,1.0644324755635348
Moral Reasoning (Disciplinary Action Case),3,60.806451612903224,0,1,0,0.0,0.12,0.24,0.88,0.0,0.16,0.1666666666666666,0.0,0.08,0.04,0.08,0.0,0.0,0.84,0.08,0.125,0.04,1.0,0.5714285714285714,0.0,0.012,0.108,0.404,0,0.7305833426997864,1.0421878757888976,Low,0.13534822876928138,43.68421052631579,0.2551702785032343,-0.35908192391184107,-0.5033532235528699,-0.31118133057370345,1.7465388855842794,-1.8797623346939922,-0.1882678876086553,-0.4437847258274609,-1.4321824436229966,-0.9167550753611736,-1.0447280346572791,-1.0698814329224384,-1.4617493250548699,-1.4555229274534724,-0.1892939030218859,-1.3632279621448262,-1.4781677359241812,-1.3873714775877917,1.685980861008772,0.13591540826206128,-0.5431441681093913,-0.5558921752028284,-1.4558447408187147,-0.1825114857130973,-0.7071067811865475,1.4142135623730951,-0.7071067811865475,-1.0,-0.631907939353744,-0.5581685057304822,0.060352818441775063,0.03764825740735005,-0.08367312734021382,0.7207330159643301,1.026750590086546
Moral Reasoning (Disciplinary Action Case),6,69.62962962962963,0,1,0,0.0,0.12,0.24,0.88,0.0,0.16,0.1666666666666666,0.0,0.08,0.04,0.08,0.0,0.0,0.84,0.08,0.125,0.04,1.0,0.5714285714285714,0.0,0.012,0.108,0.404,0,0.7677762667287422,1.173500120158922,Low,0.19527951487768677,120.08695652173913,0.2306499950614567,-0.35908192391184107,-0.5033532235528699,-0.31118133057370345,1.7465388855842794,-1.8797623346939922,-0.1882678876086553,-0.4437847258274609,-1.4321824436229966,-0.9167550753611736,-1.0447280346572791,-1.0698814329224384,-1.4617493250548699,-1.4555229274534724,-0.1892939030218859,-1.3632279621448262,-1.4781677359241812,-1.3873714775877917,1.685980861008772,0.13591540826206128,-0.5431441681093913,-0.5558921752028284,-1.4558447408187147,-0.1825114857130973,-0.7071067811865475,1.4142135623730951,-0.7071067811865475,1.0,-0.4765855429476639,-0.33064630160464326,0.9251708788869515,2.500884258114949,-0.3933547103402293,0.7618210575995088,1.1757348342714198
Moral Reasoning (Disciplinary Action Case),3,51.61290322580645,0,0,1,0.0,0.12,0.24,0.88,0.0,0.16,0.1666666666666666,0.0,0.08,0.04,0.08,0.0,0.0,0.84,0.08,0.125,0.04,1.0,0.5714285714285714,0.0,0.012,0.108,0.404,0,0.5867436278725225,0.7980965397526898,Medium,0.1282128427128427,65.1,0.19948317781376135,-0.35908192391184107,-0.5033532235528699,-0.31118133057370345,1.7465388855842794,-1.8797623346939922,-0.1882678876086553,-0.4437847258274609,-1.4321824436229966,-0.9167550753611736,-1.0447280346572791,-1.0698814329224384,-1.4617493250548699,-1.4555229274534724,-0.1892939030218859,-1.3632279621448262,-1.4781677359241812,-1.3873714775877917,1.685980861008772,0.13591540826206128,-0.5431441681093913,-0.5558921752028284,-1.4558447408187147,-0.1825114857130973,-0.7071067811865475,-0.7071067811865475,1.4142135623730951,-1.0,-1.2326009418169073,-0.9811008761991763,-0.04261194554968876,0.7280965250430935,-0.7869794139557584,0.5892668146433516,0.8154282735854522
Moral Reasoning (Disciplinary Action Case),6,68.70370370370371,0,0,1,0.0,0.12,0.24,0.88,0.0,0.16,0.1666666666666666,0.0,0.08,0.04,0.08,0.0,0.0,0.84,0.08,0.125,0.04,1.0,0.5714285714285714,0.0,0.012,0.108,0.404,0,0.7259861964780864,1.0696513109715664,Medium,0.22191363805264214,125.84,0.17080397304000017,-0.35908192391184107,-0.5033532235528699,-0.31118133057370345,1.7465388855842794,-1.8797623346939922,-0.1882678876086553,-0.4437847258274609,-1.4321824436229966,-0.9167550753611736,-1.0447280346572791,-1.0698814329224384,-1.4617493250548699,-1.4555229274534724,-0.1892939030218859,-1.3632279621448262,-1.4781677359241812,-1.3873714775877917,1.685980861008772,0.13591540826206128,-0.5431441681093913,-0.5558921752028284,-1.4558447408187147,-0.1825114857130973,-0.7071067811865475,-0.7071067811865475,1.4142135623730951,1.0,-0.651106208552146,-0.5105831389917934,1.309505543491994,2.686363243518656,-1.149186545639555,0.725588300720768,1.0854445109382274
Room assignment task,3,72.51840942562592,1,0,0,0.0,0.375,0.125,0.1304347826086956,0.25,0.125,0.0869565217391304,0.5416666666666666,0.7083333333333334,0.875,0.375,0.9583333333333334,0.9166666666666666,0.9166666666666666,0.875,0.9583333333333334,0.9583333333333334,0.7916666666666666,0.875,0.125,0.05,0.9708333333333332,0.325,0,0.9240805173649816,1.354935995509229,High,0.08451811346548187,17.0,0.3197244989486443,-0.35908192391184107,0.6724435348376622,-0.6915140679415636,-0.38675384343445457,0.8536675331922469,-0.2967508643306103,-0.8171071567923154,0.2883719504507351,0.8775024674338047,1.213883515794351,0.20874478521550338,0.8602805936018908,0.793169390173464,0.4901515085213223,0.870268934130872,0.8742824647345004,0.934619610295239,1.0974521406231272,1.2002263255413395,-0.0548022708541511,-0.3073426151994683,0.910747105756417,-0.4845524429035161,1.4142135623730951,-0.7071067811865475,-0.7071067811865475,-1.0,0.1761609514762882,-0.01627584464346193,-0.6731338891473572,-0.8226546958768033,0.7316214113356917,0.9213924070935564,1.3460171669126892
Room assignment task,6,76.36502481863307,1,0,0,0.0,0.375,0.125,0.1304347826086956,0.25,0.125,0.0869565217391304,0.5416666666666666,0.7083333333333334,0.875,0.375,0.9583333333333334,0.9166666666666666,0.9166666666666666,0.875,0.9583333333333334,0.9583333333333334,0.7916666666666666,0.875,0.125,0.05,0.9708333333333332,0.325,0,0.8763984580645529,1.3879866975354909,High,0.2338683983046728,66.58333333333333,0.3351033523139532,-0.35908192391184107,0.6724435348376622,-0.6915140679415636,-0.38675384343445457,0.8536675331922469,-0.2967508643306103,-0.8171071567923154,0.2883719504507351,0.8775024674338047,1.213883515794351,0.20874478521550338,0.8602805936018908,0.793169390173464,0.4901515085213223,0.870268934130872,0.8742824647345004,0.934619610295239,1.0974521406231272,1.2002263255413395,-0.0548022708541511,-0.3073426151994683,0.910747105756417,-0.4845524429035161,1.4142135623730951,-0.7071067811865475,-0.7071067811865475,1.0,-0.022965412193144023,0.04099047205836436,1.4820146492626813,0.7759194143923211,0.925850310287959,0.8056637583532661,1.3035199238329922
Room assignment task,3,87.6,0,1,0,0.0,0.375,0.125,0.1304347826086956,0.25,0.125,0.0869565217391304,0.5416666666666666,0.7083333333333334,0.875,0.375,0.9583333333333334,0.9166666666666666,0.9166666666666666,0.875,0.9583333333333334,0.9583333333333334,0.7916666666666666,0.875,0.125,0.05,0.9708333333333332,0.325,0,0.9042113955408753,1.1066614449764391,Low,0.10440355940355937,27.8,0.3312456547110678,-0.35908192391184107,0.6724435348376622,-0.6915140679415636,-0.38675384343445457,0.8536675331922469,-0.2967508643306103,-0.8171071567923154,0.2883719504507351,0.8775024674338047,1.213883515794351,0.20874478521550338,0.8602805936018908,0.793169390173464,0.4901515085213223,0.870268934130872,0.8742824647345004,0.934619610295239,1.0974521406231272,1.2002263255413395,-0.0548022708541511,-0.3073426151994683,0.910747105756417,-0.4845524429035161,-0.7071067811865475,1.4142135623730951,-0.7071067811865475,-1.0,0.09318496352218404,-0.44645639053676855,-0.38618371831089865,-0.4744610745475956,0.8771290994082569,0.8998276078930432,1.116620844788803
Room assignment task,6,94.48148148148148,0,1,0,0.0,0.375,0.125,0.1304347826086956,0.25,0.125,0.0869565217391304,0.5416666666666666,0.7083333333333334,0.875,0.375,0.9583333333333334,0.9166666666666666,0.9166666666666666,0.875,0.9583333333333334,0.9583333333333334,0.7916666666666666,0.875,0.125,0.05,0.9708333333333332,0.325,0,0.9507953173610156,1.1909480478676149,Low,0.22729612164985652,57.48,0.3694298569852597,-0.35908192391184107,0.6724435348376622,-0.6915140679415636,-0.38675384343445457,0.8536675331922469,-0.2967508643306103,-0.8171071567923154,0.2883719504507351,0.8775024674338047,1.213883515794351,0.20874478521550338,0.8602805936018908,0.793169390173464,0.4901515085213223,0.870268934130872,0.8742824647345004,0.934619610295239,1.0974521406231272,1.2002263255413395,-0.0548022708541511,-0.3073426151994683,0.910747105756417,-0.4845524429035161,-0.7071067811865475,1.4142135623730951,-0.7071067811865475,1.0,0.2877253649561937,-0.3004146123303082,1.3871756441552945,0.48242658110526376,1.3593806294096278,0.9327879805766284,1.1824793801549611
Room assignment task,3,83.51428571428572,0,0,1,0.0,0.375,0.125,0.1304347826086956,0.25,0.125,0.0869565217391304,0.5416666666666666,0.7083333333333334,0.875,0.375,0.9583333333333334,0.9166666666666666,0.9166666666666666,0.875,0.9583333333333334,0.9583333333333334,0.7916666666666666,0.875,0.125,0.05,0.9708333333333332,0.325,0,0.8853229626668122,1.157252524932596,Medium,0.13302120584729277,29.0,0.39522435249610466,-0.35908192391184107,0.6724435348376622,-0.6915140679415636,-0.38675384343445457,0.8536675331922469,-0.2967508643306103,-0.8171071567923154,0.2883719504507351,0.8775024674338047,1.213883515794351,0.20874478521550338,0.8602805936018908,0.793169390173464,0.4901515085213223,0.870268934130872,0.8742824647345004,0.934619610295239,1.0974521406231272,1.2002263255413395,-0.0548022708541511,-0.3073426151994683,0.910747105756417,-0.4845524429035161,-0.7071067811865475,-0.7071067811865475,1.4142135623730951,-1.0,0.014304457755258912,-0.358798197837726,0.026773504853118267,-0.4357728943999059,1.6851550121345509,0.8795720141257692,1.157028064758738
Room assignment task,6,89.51851851851852,0,0,1,0.0,0.375,0.125,0.1304347826086956,0.25,0.125,0.0869565217391304,0.5416666666666666,0.7083333333333334,0.875,0.375,0.9583333333333334,0.9166666666666666,0.9166666666666666,0.875,0.9583333333333334,0.9583333333333334,0.7916666666666666,0.875,0.125,0.05,0.9708333333333332,0.325,0,0.9081996866955322,1.2658340547592377,Medium,0.23707622736608405,68.42307692307692,0.348825833331179,-0.35908192391184107,0.6724435348376622,-0.6915140679415636,-0.38675384343445457,0.8536675331922469,-0.2967508643306103,-0.8171071567923154,0.2883719504507351,0.8775024674338047,1.213883515794351,0.20874478521550338,0.8602805936018908,0.793169390173464,0.4901515085213223,0.870268934130872,0.8742824647345004,0.934619610295239,1.0974521406231272,1.2002263255413395,-0.0548022708541511,-0.3073426151994683,0.910747105756417,-0.4845524429035161,-0.7071067811865475,-0.7071067811865475,1.4142135623730951,1.0,0.10984057627326028,-0.17066106628510602,1.5283041365617078,0.8352330239136191,1.0991598747631268,0.8725489684014667,1.195918932826663
Sudoku,3,58.86206896551724,1,0,0,0.0454545454545454,0.1363636363636363,0.1363636363636363,0.0909090909090909,0.2272727272727272,0.9545454545454546,0.2727272727272727,0.2727272727272727,0.9090909090909092,0.9545454545454546,0.6363636363636364,1.0,1.0,1.0,1.0,1.0,1.0,0.1818181818181818,0.0454545454545454,0.2272727272727272,0.0772727272727272,0.990909090909091,0.1818181818181818,0,0.9213465801417696,1.0919188410691978,High,0.09301587301587301,23.066666666666666,0.2594503380547619,-0.11969397463728063,-0.4279010251534778,-0.6539317816403918,-0.4992455503010825,0.6051739088389517,2.27443657096248,0.05295007901007308,-0.5658893221313275,1.4507822466002736,1.4290479258809246,1.341580032410136,0.9612384161521846,0.9975959645031856,1.2286791297639403,1.2214476914069252,0.9919049747674344,1.0399731079305852,-0.6253319317784881,-1.7081313147244954,0.3447501905364997,-0.1289577635224161,0.9658111863350617,-1.0319799544971981,1.4142135623730951,-0.7071067811865475,-0.7071067811865475,-1.0,0.16474368079322818,-0.47200061721282605,-0.5505098573652654,-0.6270644517968162,-0.029617650355266093,0.9134265423988068,1.0963547613610412
Sudoku,6,58.851851851851855,1,0,0,0.0454545454545454,0.1363636363636363,0.1363636363636363,0.0909090909090909,0.2272727272727272,0.9545454545454546,0.2727272727272727,0.2727272727272727,0.9090909090909092,0.9545454545454546,0.6363636363636364,1.0,1.0,1.0,1.0,1.0,1.0,0.1818181818181818,0.0454545454545454,0.2272727272727272,0.0772727272727272,0.990909090909091,0.1818181818181818,0,0.8250066846828605,1.0870108023836254,High,0.17069952811059527,42.63636363636363,0.2686216660116507,-0.11969397463728063,-0.4279010251534778,-0.6539317816403918,-0.4992455503010825,0.6051739088389517,2.27443657096248,0.05295007901007308,-0.5658893221313275,1.4507822466002736,1.4290479258809246,1.341580032410136,0.9612384161521846,0.9975959645031856,1.2286791297639403,1.2214476914069252,0.9919049747674344,1.0399731079305852,-0.6253319317784881,-1.7081313147244954,0.3447501905364997,-0.1289577635224161,0.9658111863350617,-1.0319799544971981,1.4142135623730951,-0.7071067811865475,-0.7071067811865475,1.0,-0.23758401520989514,-0.4805046815903232,0.570477731751188,0.0038655163692955683,0.08621263222060768,0.8200576581767147,1.096164459161148
Sudoku,3,95.94827586206897,0,1,0,0.0454545454545454,0.1363636363636363,0.1363636363636363,0.0909090909090909,0.2272727272727272,0.9545454545454546,0.2727272727272727,0.2727272727272727,0.9090909090909092,0.9545454545454546,0.6363636363636364,1.0,1.0,1.0,1.0,1.0,1.0,0.1818181818181818,0.0454545454545454,0.2272727272727272,0.0772727272727272,0.990909090909091,0.1818181818181818,0,0.9616705591427395,1.0478706477591762,Low,0.09680475469949151,16.789473684210527,0.39500867476246326,-0.11969397463728063,-0.4279010251534778,-0.6539317816403918,-0.4992455503010825,0.6051739088389517,2.27443657096248,0.05295007901007308,-0.5658893221313275,1.4507822466002736,1.4290479258809246,1.341580032410136,0.9612384161521846,0.9975959645031856,1.2286791297639403,1.2214476914069252,0.9919049747674344,1.0399731079305852,-0.6253319317784881,-1.7081313147244954,0.3447501905364997,-0.1289577635224161,0.9658111863350617,-1.0319799544971981,-0.7071067811865475,1.4142135623730951,-0.7071067811865475,-1.0,0.3331417622719252,-0.5483220758683979,-0.4958356876343466,-0.8294420959027137,1.6824310867716767,0.9622188778399174,1.0582530425963488
Sudoku,6,100.0,0,1,0,0.0454545454545454,0.1363636363636363,0.1363636363636363,0.0909090909090909,0.2272727272727272,0.9545454545454546,0.2727272727272727,0.2727272727272727,0.9090909090909092,0.9545454545454546,0.6363636363636364,1.0,1.0,1.0,1.0,1.0,1.0,0.1818181818181818,0.0454545454545454,0.2272727272727272,0.0772727272727272,0.990909090909091,0.1818181818181818,0,1.0,1.0965212862194686,Low,0.17289648129648127,52.08,0.43019817989769266,-0.11969397463728063,-0.4279010251534778,-0.6539317816403918,-0.4992455503010825,0.6051739088389517,2.27443657096248,0.05295007901007308,-0.5658893221313275,1.4507822466002736,1.4290479258809246,1.341580032410136,0.9612384161521846,0.9975959645031856,1.2286791297639403,1.2214476914069252,0.9919049747674344,1.0399731079305852,-0.6253319317784881,-1.7081313147244954,0.3447501905364997,-0.1289577635224161,0.9658111863350617,-1.0319799544971981,-0.7071067811865475,1.4142135623730951,-0.7071067811865475,1.0,0.4932103979677879,-0.46402604888538873,0.60218011820874,0.30832977044066,2.126860763987308,1.0000101166637954,1.102941176470588
Sudoku,3,72.54310344827586,0,0,1,0.0454545454545454,0.1363636363636363,0.1363636363636363,0.0909090909090909,0.2272727272727272,0.9545454545454546,0.2727272727272727,0.2727272727272727,0.9090909090909092,0.9545454545454546,0.6363636363636364,1.0,1.0,1.0,1.0,1.0,1.0,0.1818181818181818,0.0454545454545454,0.2272727272727272,0.0772727272727272,0.990909090909091,0.1818181818181818,0,0.9486633879627411,1.1389806833478047,Medium,0.145026455026455,25.666666666666668,0.27999432244443123,-0.11969397463728063,-0.4279010251534778,-0.6539317816403918,-0.4992455503010825,0.6051739088389517,2.27443657096248,0.05295007901007308,-0.5658893221313275,1.4507822466002736,1.4290479258809246,1.341580032410136,0.9612384161521846,0.9975959645031856,1.2286791297639403,1.2214476914069252,0.9919049747674344,1.0399731079305852,-0.6253319317784881,-1.7081313147244954,0.3447501905364997,-0.1289577635224161,0.9658111863350617,-1.0319799544971981,-0.7071067811865475,-0.7071067811865475,1.4142135623730951,-1.0,0.27882215576374686,-0.39045746686289917,0.20001117393140624,-0.5432400614768218,0.2298448318801829,0.9393917354365442,1.1329942404069115
Sudoku,6,75.92592592592592,0,0,1,0.0454545454545454,0.1363636363636363,0.1363636363636363,0.0909090909090909,0.2272727272727272,0.9545454545454546,0.2727272727272727,0.2727272727272727,0.9090909090909092,0.9545454545454546,0.6363636363636364,1.0,1.0,1.0,1.0,1.0,1.0,0.1818181818181818,0.0454545454545454,0.2272727272727272,0.0772727272727272,0.990909090909091,0.1818181818181818,0,0.9022554736373604,1.1721938465541075,Medium,0.20698926148124006,50.09090909090909,0.2477296981508686,-0.11969397463728063,-0.4279010251534778,-0.6539317816403918,-0.4992455503010825,0.6051739088389517,2.27443657096248,0.05295007901007308,-0.5658893221313275,1.4507822466002736,1.4290479258809246,1.341580032410136,0.9612384161521846,0.9975959645031856,1.2286791297639403,1.2214476914069252,0.9919049747674344,1.0399731079305852,-0.6253319317784881,-1.7081313147244954,0.3447501905364997,-0.1289577635224161,0.9658111863350617,-1.0319799544971981,-0.7071067811865475,-0.7071067811865475,1.4142135623730951,1.0,0.08501678408567187,-0.33290965679428786,1.0941443984552084,0.24420118092312595,-0.17764474505950653,0.8982255696889457,1.185827910339841
Whac-A-Mole,3,37.14285714285714,1,0,0,0.6363636363636364,0.0,0.0,0.0,0.2857142857142857,0.0454545454545454,0.3,0.9545454545454546,0.0454545454545454,0.2272727272727272,0.5909090909090909,0.3684210526315789,0.7272727272727273,0.7333333333333333,0.4444444444444444,0.4210526315789473,0.45,0.3181818181818182,0.7727272727272727,0.0476190476190476,0.55,0.7181818181818181,0.0818181818181818,0,0.6135085136104502,1.1673011996264633,High,0.0,9.0,0.048289493,2.9923493659320086,-1.0566693451484144,-1.104919217254455,-0.7579764760943268,1.2441575143188524,-0.5433030841532356,0.1806818859682961,1.5998434815978457,-1.015402463776234,-0.5381695377677466,1.1445652068110697,-0.5690696309259551,0.3285635394240971,-1.1346092582124367,-0.3393467853755335,-0.6424288488480708,-0.35069306085598495,-0.24011313298061135,0.84166168496062,-0.3571091596312046,2.9630463322131644,0.21777084639876312,-1.4143102800546903,1.4142135623730951,-0.7071067811865475,-0.7071067811865475,-1.0,-1.1208273638881232,-0.34138705216840304,-1.8927438075377465,-1.0805758968614014,-2.696496478222476,0.4557091954911546,0.8459033910556583
Whac-A-Mole,6,25.736263736263734,1,0,0,0.6363636363636364,0.0,0.0,0.0,0.2857142857142857,0.0454545454545454,0.3,0.9545454545454546,0.0454545454545454,0.2272727272727272,0.5909090909090909,0.3684210526315789,0.7272727272727273,0.7333333333333333,0.4444444444444444,0.4210526315789473,0.45,0.3181818181818182,0.7727272727272727,0.0476190476190476,0.55,0.7181818181818181,0.0818181818181818,0,0.33224250354798673,0.7719335253828353,High,0.09777777777777777,19.4,0.26382151078,2.9923493659320086,-1.0566693451484144,-1.104919217254455,-0.7579764760943268,1.2441575143188524,-0.5433030841532356,0.1806818859682961,1.5998434815978457,-1.015402463776234,-0.5381695377677466,1.1445652068110697,-0.5690696309259551,0.3285635394240971,-1.1346092582124367,-0.3393467853755335,-0.6424288488480708,-0.35069306085598495,-0.24011313298061135,0.84166168496062,-0.3571091596312046,2.9630463322131644,0.21777084639876312,-1.4143102800546903,1.4142135623730951,-0.7071067811865475,-0.7071067811865475,1.0,-2.29543011027254,-1.026433028768523,-0.481794808721623,-0.7452783355814239,0.0255885503533209,0.1370773521783893,0.3232164606494078
Whac-A-Mole,3,51.41090065713182,0,1,0,0.6363636363636364,0.0,0.0,0.0,0.2857142857142857,0.0454545454545454,0.3,0.9545454545454546,0.0454545454545454,0.2272727272727272,0.5909090909090909,0.3684210526315789,0.7272727272727273,0.7333333333333333,0.4444444444444444,0.4210526315789473,0.45,0.3181818181818182,0.7727272727272727,0.0476190476190476,0.55,0.7181818181818181,0.0818181818181818,0,0.8846702607781775,1.5594258498870883,Low,0.0,6.0,0.030265516,2.9923493659320086,-1.0566693451484144,-1.104919217254455,-0.7579764760943268,1.2441575143188524,-0.5433030841532356,0.1806818859682961,1.5998434815978457,-1.015402463776234,-0.5381695377677466,1.1445652068110697,-0.5690696309259551,0.3285635394240971,-1.1346092582124367,-0.3393467853755335,-0.6424288488480708,-0.35069306085598495,-0.24011313298061135,0.84166168496062,-0.3571091596312046,2.9630463322131644,0.21777084639876312,-1.4143102800546903,-0.7071067811865475,1.4142135623730951,-0.7071067811865475,-1.0,0.011578691386295888,0.33803979905475234,-1.8927438075377465,-1.177296347230626,-2.9241322534193404,0.6746815668741143,1.1945193896767752
Whac-A-Mole,6,33.33977580208736,0,1,0,0.6363636363636364,0.0,0.0,0.0,0.2857142857142857,0.0454545454545454,0.3,0.9545454545454546,0.0454545454545454,0.2272727272727272,0.5909090909090909,0.3684210526315789,0.7272727272727273,0.7333333333333333,0.4444444444444444,0.4210526315789473,0.45,0.3181818181818182,0.7727272727272727,0.0476190476190476,0.55,0.7181818181818181,0.0818181818181818,0,0.4693118989746964,1.0187665660302478,Low,0.0,9.0,0.13068943375,2.9923493659320086,-1.0566693451484144,-1.104919217254455,-0.7579764760943268,1.2441575143188524,-0.5433030841532356,0.1806818859682961,1.5998434815978457,-1.015402463776234,-0.5381695377677466,1.1445652068110697,-0.5690696309259551,0.3285635394240971,-1.1346092582124367,-0.3393467853755335,-0.6424288488480708,-0.35069306085598495,-0.24011313298061135,0.84166168496062,-0.3571091596312046,2.9630463322131644,0.21777084639876312,-1.4143102800546903,-0.7071067811865475,1.4142135623730951,-0.7071067811865475,1.0,-1.7230108254904597,-0.598750159371142,-1.8927438075377465,-1.0805758968614014,-1.6558174766457494,0.2081530337816986,0.463442226015163
Whac-A-Mole,3,35.18675721561969,0,0,1,0.6363636363636364,0.0,0.0,0.0,0.2857142857142857,0.0454545454545454,0.3,0.9545454545454546,0.0454545454545454,0.2272727272727272,0.5909090909090909,0.3684210526315789,0.7272727272727273,0.7333333333333333,0.4444444444444444,0.4210526315789473,0.45,0.3181818181818182,0.7727272727272727,0.0476190476190476,0.55,0.7181818181818181,0.0818181818181818,0,0.6190222783305366,1.1027357779452844,Medium,0.0,17.75,0.30394643212499994,2.9923493659320086,-1.0566693451484144,-1.104919217254455,-0.7579764760943268,1.2441575143188524,-0.5433030841532356,0.1806818859682961,1.5998434815978457,-1.015402463776234,-0.5381695377677466,1.1445652068110697,-0.5690696309259551,0.3285635394240971,-1.1346092582124367,-0.3393467853755335,-0.6424288488480708,-0.35069306085598495,-0.24011313298061135,0.84166168496062,-0.3571091596312046,2.9630463322131644,0.21777084639876312,-1.4143102800546903,-0.7071067811865475,-0.7071067811865475,1.4142135623730951,-1.0,-1.0978011788837827,-0.45325831841392505,-1.8927438075377465,-0.7984745832844972,0.5323506026507827,0.4703473262974911,0.8391130128278197
Whac-A-Mole,6,18.941273779983458,0,0,1,0.6363636363636364,0.0,0.0,0.0,0.2857142857142857,0.0454545454545454,0.3,0.9545454545454546,0.0454545454545454,0.2272727272727272,0.5909090909090909,0.3684210526315789,0.7272727272727273,0.7333333333333333,0.4444444444444444,0.4210526315789473,0.45,0.3181818181818182,0.7727272727272727,0.0476190476190476,0.55,0.7181818181818181,0.0818181818181818,0,0.26852515781716013,0.5858515569836577,Medium,0.03333333333333332,4.6,0.2538591312499999,2.9923493659320086,-1.0566693451484144,-1.104919217254455,-0.7579764760943268,1.2441575143188524,-0.5433030841532356,0.1806818859682961,1.5998434815978457,-1.015402463776234,-0.5381695377677466,1.1445652068110697,-0.5690696309259551,0.3285635394240971,-1.1346092582124367,-0.3393467853755335,-0.6424288488480708,-0.35069306085598495,-0.24011313298061135,0.84166168496062,-0.3571091596312046,2.9630463322131644,0.21777084639876312,-1.4143102800546903,-0.7071067811865475,-0.7071067811865475,1.4142135623730951,1.0,-2.561521876110628,-1.3488536819328398,-1.41173846703225,-1.2224325574029304,-0.10023240398527661,0.1387418918830112,0.3126837826484469
"Wolf, goat and cabbage transfer",3,87.07692307692308,1,0,0,0.0,0.75,0.3333333333333333,0.0833333333333333,0.2083333333333333,0.75,0.0869565217391304,0.375,0.7916666666666666,0.625,0.4166666666666667,1.0,0.875,1.0,1.0,0.9583333333333334,1.0,0.3333333333333333,0.2083333333333333,0.875,0.0666666666666666,0.95,0.6333333333333333,0,0.9481888504047813,1.48793484632998,High,0.06613756613756612,18.133333333333333,0.47155341298888886,-0.35908192391184107,2.4015564148237383,-0.002505485753411204,-0.5208064607838528,0.39809588854453987,1.640445148561444,-0.8171071567923154,-0.2410294015719515,1.1154676587859236,0.5376525126651205,0.38934170868131446,0.9612384161521846,0.6909561030086033,1.2286791297639403,1.2214476914069252,0.8742824647345004,1.0399731079305852,-0.19731104422529175,-1.1370839241700166,2.87524911267729,-0.1983296502857144,0.8536051353446167,0.6942993942320844,1.4142135623730951,-0.7071067811865475,-0.7071067811865475,-1.0,0.27684042637270406,0.21416871009029773,-0.9383681319316025,-0.7861158590706518,2.649161172113741,0.9482680501446924,1.54341951957163
"Wolf, goat and cabbage transfer",6,97.14285714285714,1,0,0,0.0,0.75,0.3333333333333333,0.0833333333333333,0.2083333333333333,0.75,0.0869565217391304,0.375,0.7916666666666666,0.625,0.4166666666666667,1.0,0.875,1.0,1.0,0.9583333333333334,1.0,0.3333333333333333,0.2083333333333333,0.875,0.0666666666666666,0.95,0.6333333333333333,0,0.9809536311874011,1.763412306543297,High,0.20010451074908372,54.84615384615385,0.2952032142784937,-0.35908192391184107,2.4015564148237383,-0.002505485753411204,-0.5208064607838528,0.39809588854453987,1.640445148561444,-0.8171071567923154,-0.2410294015719515,1.1154676587859236,0.5376525126651205,0.38934170868131446,0.9612384161521846,0.6909561030086033,1.2286791297639403,1.2214476914069252,0.8742824647345004,1.0399731079305852,-0.19731104422529175,-1.1370839241700166,2.87524911267729,-0.1983296502857144,0.8536051353446167,0.6942993942320844,1.4142135623730951,-0.7071067811865475,-0.7071067811865475,1.0,0.41367033156957345,0.6914832151878118,0.9947963423487187,0.3975109857041808,0.4219271832131914,0.9777258076849326,1.7218360112333686
"Wolf, goat and cabbage transfer",3,60.97435897435897,0,1,0,0.0,0.75,0.3333333333333333,0.0833333333333333,0.2083333333333333,0.75,0.0869565217391304,0.375,0.7916666666666666,0.625,0.4166666666666667,1.0,0.875,1.0,1.0,0.9583333333333334,1.0,0.3333333333333333,0.2083333333333333,0.875,0.0666666666666666,0.95,0.6333333333333333,0,0.804729562813237,1.6224351810536686,Low,0.11656728477456767,27.61904761904762,0.24305250348542434,-0.35908192391184107,2.4015564148237383,-0.002505485753411204,-0.5208064607838528,0.39809588854453987,1.640445148561444,-0.8171071567923154,-0.2410294015719515,1.1154676587859236,0.5376525126651205,0.38934170868131446,0.9612384161521846,0.6909561030086033,1.2286791297639403,1.2214476914069252,0.8742824647345004,1.0399731079305852,-0.19731104422529175,-1.1370839241700166,2.87524911267729,-0.1983296502857144,0.8536051353446167,0.6942993942320844,-0.7071067811865475,1.4142135623730951,-0.7071067811865475,-1.0,-0.32226386341317387,0.44721485714848064,-0.21065921239398286,-0.4802950064746282,-0.23671588310051922,0.808922273485311,1.664618495761064
"Wolf, goat and cabbage transfer",6,91.28571428571429,0,1,0,0.0,0.75,0.3333333333333333,0.0833333333333333,0.2083333333333333,0.75,0.0869565217391304,0.375,0.7916666666666666,0.625,0.4166666666666667,1.0,0.875,1.0,1.0,0.9583333333333334,1.0,0.3333333333333333,0.2083333333333333,0.875,0.0666666666666666,0.95,0.6333333333333333,0,0.9844885281665403,2.4854529047515324,Low,0.21599220137460212,67.65384615384616,0.2710117470601707,-0.35908192391184107,2.4015564148237383,-0.002505485753411204,-0.5208064607838528,0.39809588854453987,1.640445148561444,-0.8171071567923154,-0.2410294015719515,1.1154676587859236,0.5376525126651205,0.38934170868131446,0.9612384161521846,0.6909561030086033,1.2286791297639403,1.2214476914069252,0.8742824647345004,1.0399731079305852,-0.19731104422529175,-1.1370839241700166,2.87524911267729,-0.1983296502857144,0.8536051353446167,0.6942993942320844,-0.7071067811865475,1.4142135623730951,-0.7071067811865475,1.0,0.42843251239249197,1.9425490937798506,1.2240582635239226,0.810432908434331,0.11639842042169035,0.9654178336321686,2.49212769030767
"Wolf, goat and cabbage transfer",3,80.71794871794872,0,0,1,0.0,0.75,0.3333333333333333,0.0833333333333333,0.2083333333333333,0.75,0.0869565217391304,0.375,0.7916666666666666,0.625,0.4166666666666667,1.0,0.875,1.0,1.0,0.9583333333333334,1.0,0.3333333333333333,0.2083333333333333,0.875,0.0666666666666666,0.95,0.6333333333333333,0,0.9069024843596772,1.556428698211541,Medium,0.1470335144927536,31.1875,0.28909846585732074,-0.35908192391184107,2.4015564148237383,-0.002505485753411204,-0.5208064607838528,0.39809588854453987,1.640445148561444,-0.8171071567923154,-0.2410294015719515,1.1154676587859236,0.5376525126651205,0.38934170868131446,0.9612384161521846,0.6909561030086033,1.2286791297639403,1.2214476914069252,0.8742824647345004,1.0399731079305852,-0.19731104422529175,-1.1370839241700166,2.87524911267729,-0.1983296502857144,0.8536051353446167,0.6942993942320844,-0.7071067811865475,-0.7071067811865475,1.4142135623730951,-1.0,0.10442329380115097,0.3328466919032333,0.22897336359145826,-0.3652475660056798,0.3448265999603643,0.8946559331500841,1.520893175569435
"Wolf, goat and cabbage transfer",6,92.46428571428571,0,0,1,0.0,0.75,0.3333333333333333,0.0833333333333333,0.2083333333333333,0.75,0.0869565217391304,0.375,0.7916666666666666,0.625,0.4166666666666667,1.0,0.875,1.0,1.0,0.9583333333333334,1.0,0.3333333333333333,0.2083333333333333,0.875,0.0666666666666666,0.95,0.6333333333333333,0,0.9322782157296832,1.7891349957292952,Medium,0.2143482057521273,62.8,0.2631678034390057,-0.35908192391184107,2.4015564148237383,-0.002505485753411204,-0.5208064607838528,0.39809588854453987,1.640445148561444,-0.8171071567923154,-0.2410294015719515,1.1154676587859236,0.5376525126651205,0.38934170868131446,0.9612384161521846,0.6909561030086033,1.2286791297639403,1.2214476914069252,0.8742824647345004,1.0399731079305852,-0.19731104422529175,-1.1370839241700166,2.87524911267729,-0.1983296502857144,0.8536051353446167,0.6942993942320844,-0.7071067811865475,-0.7071067811865475,1.4142135623730951,1.0,0.21039558583922116,0.7360524247670077,1.2003351432985812,0.6539441797600216,0.017332482487770685,0.9320651361089294,1.7422184701218617
Word construction from a subset of letters,3,40.559772296015176,1,0,0,0.0,0.1818181818181818,0.9545454545454546,0.0,0.2272727272727272,0.0454545454545454,0.8636363636363636,1.0,0.1363636363636363,0.4090909090909091,0.2272727272727272,0.9545454545454546,0.9545454545454546,0.9545454545454546,0.8181818181818182,1.0,0.8636363636363636,0.0,0.4761904761904761,0.0,0.0409090909090909,0.9181818181818182,0.5909090909090909,0,1.487869944505061,2.5307987852165827,High,0.08249158249158246,15.777777777777779,0.19705224170622893,-0.35908192391184107,-0.21831158515516527,2.051992832043989,-0.7579764760943268,0.6051739088389517,-0.5433030841532356,2.820472563104904,1.7442256685131237,-0.755804073210286,-0.04636517185557856,-0.43155339798146314,0.8511026097336822,0.8860905603233376,0.8258458818134219,0.7106422262781208,0.9919049747674344,0.6951798429421794,-1.1389569968423237,-0.1979860559824183,-0.5431441681093913,-0.3668042324251526,0.7663337623520488,0.5320986500561788,1.4142135623730951,-0.7071067811865475,-0.7071067811865475,-1.0,2.5306175363802614,2.021119030048416,-0.7023770557817197,-0.8620593238050057,-0.817681185562113,1.451378735927507,2.6255419075144504
Word construction from a subset of letters,6,55.82579185520362,1,0,0,0.0,0.1818181818181818,0.9545454545454546,0.0,0.2272727272727272,0.0454545454545454,0.8636363636363636,1.0,0.1363636363636363,0.4090909090909091,0.2272727272727272,0.9545454545454546,0.9545454545454546,0.9545454545454546,0.8181818181818182,1.0,0.8636363636363636,0.0,0.4761904761904761,0.0,0.0409090909090909,0.9181818181818182,0.5909090909090909,0,1.6539534010778345,3.7574520896306502,High,0.03333333333333332,9.933333333333334,0.20794367092777774,-0.35908192391184107,-0.21831158515516527,2.051992832043989,-0.7579764760943268,0.6051739088389517,-0.5433030841532356,2.820472563104904,1.7442256685131237,-0.755804073210286,-0.04636517185557856,-0.43155339798146314,0.8511026097336822,0.8860905603233376,0.8258458818134219,0.7106422262781208,0.9919049747674344,0.6951798429421794,-1.1389569968423237,-0.1979860559824183,-0.5431441681093913,-0.3668042324251526,0.7663337623520488,0.5320986500561788,1.4142135623730951,-0.7071067811865475,-0.7071067811865475,1.0,3.2242032425808547,4.1465176542017215,-1.41173846703225,-1.050485090079865,-0.6801266972353116,1.6294137393672794,3.7341040462427753
Word construction from a subset of letters,3,38.172043010752695,0,1,0,0.0,0.1818181818181818,0.9545454545454546,0.0,0.2272727272727272,0.0454545454545454,0.8636363636363636,1.0,0.1363636363636363,0.4090909090909091,0.2272727272727272,0.9545454545454546,0.9545454545454546,0.9545454545454546,0.8181818181818182,1.0,0.8636363636363636,0.0,0.4761904761904761,0.0,0.0409090909090909,0.9181818181818182,0.5909090909090909,0,1.2149536264179213,2.322842373879474,Low,0.037414965986394544,12.0,0.3681511134421768,-0.35908192391184107,-0.21831158515516527,2.051992832043989,-0.7579764760943268,0.6051739088389517,-0.5433030841532356,2.820472563104904,1.7442256685131237,-0.755804073210286,-0.04636517185557856,-0.43155339798146314,0.8511026097336822,0.8860905603233376,0.8258458818134219,0.7106422262781208,0.9919049747674344,0.6951798429421794,-1.1389569968423237,-0.1979860559824183,-0.5431441681093913,-0.3668042324251526,0.7663337623520488,0.5320986500561788,-0.7071067811865475,1.4142135623730951,-0.7071067811865475,-1.0,1.3908841690704834,1.6607969496779775,-1.352839853909128,-0.9838554464921772,1.3432305989414544,1.1886154344154978,2.2656423804226917
Word construction from a subset of letters,6,58.47578347578348,0,1,0,0.0,0.1818181818181818,0.9545454545454546,0.0,0.2272727272727272,0.0454545454545454,0.8636363636363636,1.0,0.1363636363636363,0.4090909090909091,0.2272727272727272,0.9545454545454546,0.9545454545454546,0.9545454545454546,0.8181818181818182,1.0,0.8636363636363636,0.0,0.4761904761904761,0.0,0.0409090909090909,0.9181818181818182,0.5909090909090909,0,1.4248871024287297,3.5404107048910283,Low,0.07916666666666666,13.875,0.13466549022916666,-0.35908192391184107,-0.21831158515516527,2.051992832043989,-0.7579764760943268,0.6051739088389517,-0.5433030841532356,2.820472563104904,1.7442256685131237,-0.755804073210286,-0.04636517185557856,-0.43155339798146314,0.8511026097336822,0.8860905603233376,0.8258458818134219,0.7106422262781208,0.9919049747674344,0.6951798429421794,-1.1389569968423237,-0.1979860559824183,-0.5431441681093913,-0.3668042324251526,0.7663337623520488,0.5320986500561788,-0.7071067811865475,1.4142135623730951,-0.7071067811865475,1.0,2.2675931515229326,3.770454214882762,-0.7503561238371919,-0.923405165011412,-1.6056014394824967,1.3643736316731354,3.4308805418719213
Word construction from a subset of letters,3,47.20982142857143,0,0,1,0.0,0.1818181818181818,0.9545454545454546,0.0,0.2272727272727272,0.0454545454545454,0.8636363636363636,1.0,0.1363636363636363,0.4090909090909091,0.2272727272727272,0.9545454545454546,0.9545454545454546,0.9545454545454546,0.8181818181818182,1.0,0.8636363636363636,0.0,0.4761904761904761,0.0,0.0409090909090909,0.9181818181818182,0.5909090909090909,0,1.204167615577317,2.002840909090909,Medium,0.07785714285714285,13.8,0.16611315561690473,-0.35908192391184107,-0.21831158515516527,2.051992832043989,-0.7579764760943268,0.6051739088389517,-0.5433030841532356,2.820472563104904,1.7442256685131237,-0.755804073210286,-0.04636517185557856,-0.43155339798146314,0.8511026097336822,0.8860905603233376,0.8258458818134219,0.7106422262781208,0.9919049747674344,0.6951798429421794,-1.1389569968423237,-0.1979860559824183,-0.5431441681093913,-0.3668042324251526,0.7663337623520488,0.5320986500561788,-0.7071067811865475,-0.7071067811865475,1.4142135623730951,-1.0,1.3458404115503615,1.1063365568830186,-0.7692527622141937,-0.9258231762706426,-1.20842973377796,1.1994447934372927,1.9472379603399432
Word construction from a subset of letters,6,62.431318681318686,0,0,1,0.0,0.1818181818181818,0.9545454545454546,0.0,0.2272727272727272,0.0454545454545454,0.8636363636363636,1.0,0.1363636363636363,0.4090909090909091,0.2272727272727272,0.9545454545454546,0.9545454545454546,0.9545454545454546,0.8181818181818182,1.0,0.8636363636363636,0.0,0.4761904761904761,0.0,0.0409090909090909,0.9181818181818182,0.5909090909090909,0,1.3292855200007019,2.5119656891463182,Medium,0.09513888888888887,18.3125,0.2274668085628472,-0.35908192391184107,-0.21831158515516527,2.051992832043989,-0.7579764760943268,0.6051739088389517,-0.5433030841532356,2.820472563104904,1.7442256685131237,-0.755804073210286,-0.04636517185557856,-0.43155339798146314,0.8511026097336822,0.8860905603233376,0.8258458818134219,0.7106422262781208,0.9919049747674344,0.6951798429421794,-1.1389569968423237,-0.1979860559824183,-0.5431441681093913,-0.3668042324251526,0.7663337623520488,0.5320986500561788,-0.7071067811865475,-0.7071067811865475,1.4142135623730951,1.0,1.8683487449424165,1.9884872861544824,-0.5198743981783083,-0.7803394988402677,-0.433557109966414,1.2972798123153324,2.5478963382646107
Writing story,3,94.79166666666667,1,0,0,0.0,0.125,0.4,0.36,0.08,0.04,0.25,0.16,0.0,0.0,0.04,0.0833333333333333,0.0,0.7727272727272727,0.0952380952380952,0.2916666666666667,0.12,0.2,0.3636363636363636,0.0,0.088,0.096,0.916,0,0.9541184365039423,1.0236681065514759,High,0.11477839898892528,50.8421052631579,0.2845442335408071,-0.35908192391184107,-0.4802983851530555,0.2179772605467977,0.2665979900469211,-1.0050647769703958,-0.5602095220839297,-0.05349309345511265,-0.9239571456812172,-1.145201659059208,-1.1529249951579559,-1.2432544794496172,-1.2598336799542822,-1.4555229274534724,-0.7854871099886536,-1.320417599353079,-1.0076776957924447,-1.185092762127927,-0.5739694252721045,-0.5925968773622574,-0.5431441681093913,-0.0587930551961083,-1.488758515775912,1.7750197811412625,1.4142135623730951,-0.7071067811865475,-0.7071067811865475,-1.0,0.30160313451312487,-0.5902573542382149,-0.23647312088743366,0.2684198582883065,0.28730842826073383,0.9546776172089312,1.0241858237547892
Writing story,6,94.66666666666666,1,0,0,0.0,0.125,0.4,0.36,0.08,0.04,0.25,0.16,0.0,0.0,0.04,0.0833333333333333,0.0,0.7727272727272727,0.0952380952380952,0.2916666666666667,0.12,0.2,0.3636363636363636,0.0,0.088,0.096,0.916,0,0.9470349580392374,1.027000964320154,High,0.1923345350371212,127.70833333333333,0.2888103953562597,-0.35908192391184107,-0.4802983851530555,0.2179772605467977,0.2665979900469211,-1.0050647769703958,-0.5602095220839297,-0.05349309345511265,-0.9239571456812172,-1.145201659059208,-1.1529249951579559,-1.2432544794496172,-1.2598336799542822,-1.4555229274534724,-0.7854871099886536,-1.320417599353079,-1.0076776957924447,-1.185092762127927,-0.5739694252721045,-0.5925968773622574,-0.5431441681093913,-0.0587930551961083,-1.488758515775912,1.7750197811412625,1.4142135623730951,-0.7071067811865475,-0.7071067811865475,1.0,0.2720216246223652,-0.5844825755859608,0.8826743479571595,2.746598590665267,0.34118838227841863,0.9469932601402355,1.0228352490421453
Writing story,3,88.54166666666667,0,1,0,0.0,0.125,0.4,0.36,0.08,0.04,0.25,0.16,0.0,0.0,0.04,0.0833333333333333,0.0,0.7727272727272727,0.0952380952380952,0.2916666666666667,0.12,0.2,0.3636363636363636,0.0,0.088,0.096,0.916,0,0.922736220472441,1.0872902169463774,Low,0.1264705882352941,42.0,0.25893148396767973,-0.35908192391184107,-0.4802983851530555,0.2179772605467977,0.2665979900469211,-1.0050647769703958,-0.5602095220839297,-0.05349309345511265,-0.9239571456812172,-1.145201659059208,-1.1529249951579559,-1.2432544794496172,-1.2598336799542822,-1.4555229274534724,-0.7854871099886536,-1.320417599353079,-1.0076776957924447,-1.185092762127927,-0.5739694252721045,-0.5925968773622574,-0.5431441681093913,-0.0587930551961083,-1.488758515775912,1.7750197811412625,-0.7071067811865475,1.4142135623730951,-0.7071067811865475,-1.0,0.17054699612639135,-0.4800205453432642,-0.06775295679630323,-0.016650942799933736,-0.036170574403438974,0.9242695431588436,1.1007882882882882
Writing story,6,91.11111111111111,0,1,0,0.0,0.125,0.4,0.36,0.08,0.04,0.25,0.16,0.0,0.0,0.04,0.0833333333333333,0.0,0.7727272727272727,0.0952380952380952,0.2916666666666667,0.12,0.2,0.3636363636363636,0.0,0.088,0.096,0.916,0,0.9187675070028011,1.1263736263736264,Low,0.18435189958819445,112.21739130434783,0.21331645349520528,-0.35908192391184107,-0.4802983851530555,0.2179772605467977,0.2665979900469211,-1.0050647769703958,-0.5602095220839297,-0.05349309345511265,-0.9239571456812172,-1.145201659059208,-1.1529249951579559,-1.2432544794496172,-1.2598336799542822,-1.4555229274534724,-0.7854871099886536,-1.320417599353079,-1.0076776957924447,-1.185092762127927,-0.5739694252721045,-0.5925968773622574,-0.5431441681093913,-0.0587930551961083,-1.488758515775912,1.7750197811412625,-0.7071067811865475,1.4142135623730951,-0.7071067811865475,1.0,0.15397314228597675,-0.41230147237865494,0.7674836394898917,2.247168294102926,-0.6122705562348784,0.9194420586570632,1.1327327327327328
Writing story,3,89.22558922558922,0,0,1,0.0,0.125,0.4,0.36,0.08,0.04,0.25,0.16,0.0,0.0,0.04,0.0833333333333333,0.0,0.7727272727272727,0.0952380952380952,0.2916666666666667,0.12,0.2,0.3636363636363636,0.0,0.088,0.096,0.916,0,0.9003591243752697,1.0356336123682008,Medium,0.13036515953182617,59.666666666666664,0.322599397726437,-0.35908192391184107,-0.4802983851530555,0.2179772605467977,0.2665979900469211,-1.0050647769703958,-0.5602095220839297,-0.05349309345511265,-0.9239571456812172,-1.145201659059208,-1.1529249951579559,-1.2432544794496172,-1.2598336799542822,-1.4555229274534724,-0.7854871099886536,-1.320417599353079,-1.0076776957924447,-1.185092762127927,-0.5739694252721045,-0.5925968773622574,-0.5431441681093913,-0.0587930551961083,-1.488758515775912,1.7750197811412625,-0.7071067811865475,-0.7071067811865475,1.4142135623730951,-1.0,0.07709738760096642,-0.5695249520927583,-0.011553669017963078,0.5529250427077207,0.7679302577071307,0.901588993447896,1.0409652076318745
Writing story,6,95.77777777777777,0,0,1,0.0,0.125,0.4,0.36,0.08,0.04,0.25,0.16,0.0,0.0,0.04,0.0833333333333333,0.0,0.7727272727272727,0.0952380952380952,0.2916666666666667,0.12,0.2,0.3636363636363636,0.0,0.088,0.096,0.916,0,0.9582569062308931,1.1124016002064783,Medium,0.2270059591682096,90.04,0.25354842320802984,-0.35908192391184107,-0.4802983851530555,0.2179772605467977,0.2665979900469211,-1.0050647769703958,-0.5602095220839297,-0.05349309345511265,-0.9239571456812172,-1.145201659059208,-1.1529249951579559,-1.2432544794496172,-1.2598336799542822,-1.4555229274534724,-0.7854871099886536,-1.320417599353079,-1.0076776957924447,-1.185092762127927,-0.5739694252721045,-0.5925968773622574,-0.5431441681093913,-0.0587930551961083,-1.488758515775912,1.7750197811412625,-0.7071067811865475,-0.7071067811865475,1.4142135623730951,1.0,0.31888591214425627,-0.4365105338024738,1.3829885530566994,1.532165869112579,-0.1041565249489108,0.9582755346719728,1.1174074074074076
